url,final_status,final_url,n_redirects,redirect_chain,canonical,canonical_self_referencing,title,title_len,robots_noindex,error
https://wearekitfinder.com/,200,https://wearekitfinder.com/,0,,https://wearekitfinder.com/,True,Kit Finder — Search Vintage & Retro Football Shirts Across 240+ Stores,70,False,
https://wearekitfinder.com/about,200,https://wearekitfinder.com/about,0,,https://wearekitfinder.com/,False,Kit Finder — Search Vintage & Retro Football Shirts Across 240+ Stores,70,False,
https://wearekitfinder.com/blog,200,https://wearekitfinder.com/blog,0,,https://wearekitfinder.com/blog,True,La Grada — Football Shirt Stories | Kit Finder,46,False,
https://wearekitfinder.com/blog/when-fashion-met-football,200,https://wearekitfinder.com/blog/when-fashion-met-football,0,,https://wearekitfinder.com/blog/when-fashion-met-football,True,When Fashion Met Football: 5 Non-Sportswear Brands That Made Iconic Kits | La Grada – Kit Finder,96,False,
https://wearekitfinder.com/clubs,200,https://wearekitfinder.com/clubs,0,,https://wearekitfinder.com/clubs,True,Football Club Shirts — Vintage & Retro Kits by Club | Kit Finder,64,False,
https://wearekitfinder.com/clubs/ac-milan,200,https://wearekitfinder.com/clubs/ac-milan,0,,https://wearekitfinder.com/clubs/ac-milan,True,"AC Milan Football Shirts — Vintage, Retro & Classic Kits | Kit Finder",69,False,
https://wearekitfinder.com/clubs/ajax,200,https://wearekitfinder.com/clubs/ajax,0,,https://wearekitfinder.com/clubs/ajax,True,"Ajax Football Shirts — Vintage, Retro & Classic Kits | Kit Finder",65,False,
https://wearekitfinder.com/clubs/arsenal,200,https://wearekitfinder.com/clubs/arsenal,0,,https://wearekitfinder.com/clubs/arsenal,True,"Arsenal Football Shirts — Vintage, Retro & Classic Kits | Kit Finder",68,False,
https://wearekitfinder.com/clubs/atletico-madrid,200,https://wearekitfinder.com/clubs/atletico-madrid,0,,https://wearekitfinder.com/clubs/atletico-madrid,True,"Atlético Madrid Football Shirts — Vintage, Retro & Classic Kits | Kit Finder",76,False,
https://wearekitfinder.com/clubs/barcelona,200,https://wearekitfinder.com/clubs/barcelona,0,,https://wearekitfinder.com/clubs/barcelona,True,"Barcelona Football Shirts — Vintage, Retro & Classic Kits | Kit Finder",70,False,
https://wearekitfinder.com/clubs/bayern-munich,200,https://wearekitfinder.com/clubs/bayern-munich,0,,https://wearekitfinder.com/clubs/bayern-munich,True,"Bayern Munich Football Shirts — Vintage, Retro & Classic Kits | Kit Finder",74,False,
https://wearekitfinder.com/clubs/boca-juniors,200,https://wearekitfinder.com/clubs/boca-juniors,0,,https://wearekitfinder.com/clubs/boca-juniors,True,"Boca Juniors Football Shirts — Vintage, Retro & Classic Kits | Kit Finder",73,False,
https://wearekitfinder.com/clubs/borussia-dortmund,200,https://wearekitfinder.com/clubs/borussia-dortmund,0,,https://wearekitfinder.com/clubs/borussia-dortmund,True,"Borussia Dortmund Football Shirts — Vintage, Retro & Classic Kits | Kit Finder",78,False,
https://wearekitfinder.com/clubs/chelsea,200,https://wearekitfinder.com/clubs/chelsea,0,,https://wearekitfinder.com/clubs/chelsea,True,"Chelsea Football Shirts — Vintage, Retro & Classic Kits | Kit Finder",68,False,
https://wearekitfinder.com/clubs/corinthians,200,https://wearekitfinder.com/clubs/corinthians,0,,https://wearekitfinder.com/clubs/corinthians,True,"Corinthians Football Shirts — Vintage, Retro & Classic Kits | Kit Finder",72,False,
https://wearekitfinder.com/clubs/flamengo,200,https://wearekitfinder.com/clubs/flamengo,0,,https://wearekitfinder.com/clubs/flamengo,True,"Flamengo Football Shirts — Vintage, Retro & Classic Kits | Kit Finder",69,False,
https://wearekitfinder.com/clubs/inter-milan,200,https://wearekitfinder.com/clubs/inter-milan,0,,https://wearekitfinder.com/clubs/inter-milan,True,"Inter Milan Football Shirts — Vintage, Retro & Classic Kits | Kit Finder",72,False,
https://wearekitfinder.com/clubs/juventus,200,https://wearekitfinder.com/clubs/juventus,0,,https://wearekitfinder.com/clubs/juventus,True,"Juventus Football Shirts — Vintage, Retro & Classic Kits | Kit Finder",69,False,
https://wearekitfinder.com/clubs/liverpool,200,https://wearekitfinder.com/clubs/liverpool,0,,https://wearekitfinder.com/clubs/liverpool,True,"Liverpool Football Shirts — Vintage, Retro & Classic Kits | Kit Finder",70,False,
https://wearekitfinder.com/clubs/manchester-city,200,https://wearekitfinder.com/clubs/manchester-city,0,,https://wearekitfinder.com/clubs/manchester-city,True,"Manchester City Football Shirts — Vintage, Retro & Classic Kits | Kit Finder",76,False,
https://wearekitfinder.com/clubs/manchester-united,200,https://wearekitfinder.com/clubs/manchester-united,0,,https://wearekitfinder.com/clubs/manchester-united,True,"Manchester United Football Shirts — Vintage, Retro & Classic Kits | Kit Finder",78,False,
https://wearekitfinder.com/clubs/nacional-uruguay,200,https://wearekitfinder.com/clubs/nacional-uruguay,0,,https://wearekitfinder.com/clubs/nacional-uruguay,True,"Nacional Football Shirts — Vintage, Retro & Classic Kits | Kit Finder",69,False,
https://wearekitfinder.com/clubs/napoli,200,https://wearekitfinder.com/clubs/napoli,0,,https://wearekitfinder.com/clubs/napoli,True,"Napoli Football Shirts — Vintage, Retro & Classic Kits | Kit Finder",67,False,
https://wearekitfinder.com/clubs/penarol,200,https://wearekitfinder.com/clubs/penarol,0,,https://wearekitfinder.com/clubs/penarol,True,"Peñarol Football Shirts — Vintage, Retro & Classic Kits | Kit Finder",68,False,
https://wearekitfinder.com/clubs/psg,200,https://wearekitfinder.com/clubs/psg,0,,https://wearekitfinder.com/clubs/psg,True,"PSG Football Shirts — Vintage, Retro & Classic Kits | Kit Finder",64,False,
https://wearekitfinder.com/clubs/real-madrid,200,https://wearekitfinder.com/clubs/real-madrid,0,,https://wearekitfinder.com/clubs/real-madrid,True,"Real Madrid Football Shirts — Vintage, Retro & Classic Kits | Kit Finder",72,False,
https://wearekitfinder.com/clubs/river-plate,200,https://wearekitfinder.com/clubs/river-plate,0,,https://wearekitfinder.com/clubs/river-plate,True,"River Plate Football Shirts — Vintage, Retro & Classic Kits | Kit Finder",72,False,
https://wearekitfinder.com/clubs/santos,200,https://wearekitfinder.com/clubs/santos,0,,https://wearekitfinder.com/clubs/santos,True,"Santos Football Shirts — Vintage, Retro & Classic Kits | Kit Finder",67,False,
https://wearekitfinder.com/clubs/sevilla,200,https://wearekitfinder.com/clubs/sevilla,0,,https://wearekitfinder.com/clubs/sevilla,True,"Sevilla Football Shirts — Vintage, Retro & Classic Kits | Kit Finder",68,False,
https://wearekitfinder.com/clubs/tottenham,200,https://wearekitfinder.com/clubs/tottenham,0,,https://wearekitfinder.com/clubs/tottenham,True,"Tottenham Football Shirts — Vintage, Retro & Classic Kits | Kit Finder",70,False,
https://wearekitfinder.com/dashboard,200,https://wearekitfinder.com/dashboard,0,,,False,Dashboard interno | Kit Finder,30,True,
https://wearekitfinder.com/leagues,200,https://wearekitfinder.com/leagues,0,,https://wearekitfinder.com/leagues,True,Football League Shirts — Vintage & Retro Kits by League | Kit Finder,68,False,
https://wearekitfinder.com/leagues/bundesliga,200,https://wearekitfinder.com/leagues/bundesliga,0,,https://wearekitfinder.com/leagues/bundesliga,True,"Bundesliga Football Shirts — Vintage, Retro & Classic Kits | Kit Finder",71,False,
https://wearekitfinder.com/leagues/la-liga,200,https://wearekitfinder.com/leagues/la-liga,0,,https://wearekitfinder.com/leagues/la-liga,True,"La Liga Football Shirts — Vintage, Retro & Classic Kits | Kit Finder",68,False,
https://wearekitfinder.com/leagues/premier-league,200,https://wearekitfinder.com/leagues/premier-league,0,,https://wearekitfinder.com/leagues/premier-league,True,"Premier League Football Shirts — Vintage, Retro & Classic Kits | Kit Finder",75,False,
https://wearekitfinder.com/leagues/serie-a,200,https://wearekitfinder.com/leagues/serie-a,0,,https://wearekitfinder.com/leagues/serie-a,True,"Serie A Football Shirts — Vintage, Retro & Classic Kits | Kit Finder",68,False,
https://wearekitfinder.com/long-sleeve-kits,200,https://wearekitfinder.com/long-sleeve-kits,0,,https://wearekitfinder.com/long-sleeve-kits,True,Long Sleeve Football Shirts — Vintage &amp; Retro Kits | Kit Finder,67,False,
https://wearekitfinder.com/match-worn,200,https://wearekitfinder.com/match-worn,0,,https://wearekitfinder.com/,False,Kit Finder — Search Vintage & Retro Football Shirts Across 240+ Stores,70,False,
https://wearekitfinder.com/national,200,https://wearekitfinder.com/national,0,,https://wearekitfinder.com/national,True,National Team Football Shirts — Vintage & Retro Kits | Kit Finder,65,False,
https://wearekitfinder.com/national/argentina,200,https://wearekitfinder.com/national/argentina,0,,https://wearekitfinder.com/national/argentina,True,"Argentina Football Shirts — Vintage, Retro & Classic Kits | Kit Finder",70,False,
https://wearekitfinder.com/national/brazil,200,https://wearekitfinder.com/national/brazil,0,,https://wearekitfinder.com/national/brazil,True,"Brazil Football Shirts — Vintage, Retro & Classic Kits | Kit Finder",67,False,
https://wearekitfinder.com/national/colombia,200,https://wearekitfinder.com/national/colombia,0,,https://wearekitfinder.com/national/colombia,True,"Colombia Football Shirts — Vintage, Retro & Classic Kits | Kit Finder",69,False,
https://wearekitfinder.com/national/england,200,https://wearekitfinder.com/national/england,0,,https://wearekitfinder.com/national/england,True,"England Football Shirts — Vintage, Retro & Classic Kits | Kit Finder",68,False,
https://wearekitfinder.com/national/ghana,200,https://wearekitfinder.com/national/ghana,0,,https://wearekitfinder.com/national/ghana,True,"Ghana Football Shirts — Vintage, Retro & Classic Kits | Kit Finder",66,False,
https://wearekitfinder.com/national/morocco,200,https://wearekitfinder.com/national/morocco,0,,https://wearekitfinder.com/national/morocco,True,"Morocco Football Shirts — Vintage, Retro & Classic Kits | Kit Finder",68,False,
https://wearekitfinder.com/national/nigeria,200,https://wearekitfinder.com/national/nigeria,0,,https://wearekitfinder.com/national/nigeria,True,"Nigeria Football Shirts — Vintage, Retro & Classic Kits | Kit Finder",68,False,
https://wearekitfinder.com/national/senegal,200,https://wearekitfinder.com/national/senegal,0,,https://wearekitfinder.com/national/senegal,True,"Senegal Football Shirts — Vintage, Retro & Classic Kits | Kit Finder",68,False,
https://wearekitfinder.com/results,200,https://wearekitfinder.com/results,0,,https://wearekitfinder.com/,False,Kit Finder — Search Vintage & Retro Football Shirts Across 240+ Stores,70,False,
https://wearekitfinder.com/shirt-checker,200,https://wearekitfinder.com/shirt-checker,0,,https://wearekitfinder.com/shirt-checker,True,"Advanced Search — Find Shirt Prices by Team, Size & Season | Kit Finder",71,False,
https://wearekitfinder.com/teams,200,https://wearekitfinder.com/teams,0,,https://wearekitfinder.com/teams,True,Football Shirts by Team — 192 Clubs &amp; National Teams | Kit Finder,69,False,
https://wearekitfinder.com/teams/aberdeen,200,https://wearekitfinder.com/teams/aberdeen,0,,https://wearekitfinder.com/teams/aberdeen,True,Aberdeen Vintage Shirts — 194 available | Kit Finder,52,False,
https://wearekitfinder.com/teams/anderlecht,200,https://wearekitfinder.com/teams/anderlecht,0,,https://wearekitfinder.com/teams/anderlecht,True,Anderlecht Vintage Shirts — 100 available | Kit Finder,54,False,
https://wearekitfinder.com/teams/as-monaco,200,https://wearekitfinder.com/teams/as-monaco,0,,https://wearekitfinder.com/teams/as-monaco,True,AS Monaco Vintage Shirts — 228 available | Kit Finder,53,False,
https://wearekitfinder.com/teams/as-roma,200,https://wearekitfinder.com/teams/as-roma,0,,https://wearekitfinder.com/teams/as-roma,True,"AS Roma Vintage Shirts — 1,147 available | Kit Finder",53,False,
https://wearekitfinder.com/teams/aston-villa,200,https://wearekitfinder.com/teams/aston-villa,0,,https://wearekitfinder.com/teams/aston-villa,True,Aston Villa Vintage Shirts — 733 available | Kit Finder,55,False,
https://wearekitfinder.com/teams/atalanta,200,https://wearekitfinder.com/teams/atalanta,0,,https://wearekitfinder.com/teams/atalanta,True,Atalanta Vintage Shirts — 143 available | Kit Finder,52,False,
https://wearekitfinder.com/teams/athletic-bilbao,200,https://wearekitfinder.com/teams/athletic-bilbao,0,,https://wearekitfinder.com/teams/athletic-bilbao,True,Athletic Bilbao Vintage Shirts — 119 available | Kit Finder,59,False,
https://wearekitfinder.com/teams/atlanta-united,200,https://wearekitfinder.com/teams/atlanta-united,0,,https://wearekitfinder.com/teams/atlanta-united,True,Atlanta United Vintage Shirts — 56 available | Kit Finder,57,False,
https://wearekitfinder.com/teams/australia,200,https://wearekitfinder.com/teams/australia,0,,https://wearekitfinder.com/teams/australia,True,Australia Vintage Shirts — 37 available | Kit Finder,52,False,
https://wearekitfinder.com/teams/az-alkmaar,200,https://wearekitfinder.com/teams/az-alkmaar,0,,https://wearekitfinder.com/teams/az-alkmaar,True,AZ Alkmaar Vintage Shirts — 163 available | Kit Finder,54,False,
https://wearekitfinder.com/teams/bari,200,https://wearekitfinder.com/teams/bari,0,,https://wearekitfinder.com/teams/bari,True,Bari Vintage Shirts — 45 available | Kit Finder,47,False,
https://wearekitfinder.com/teams/bayer-leverkusen,200,https://wearekitfinder.com/teams/bayer-leverkusen,0,,https://wearekitfinder.com/teams/bayer-leverkusen,True,Bayer Leverkusen Vintage Shirts — 103 available | Kit Finder,60,False,
https://wearekitfinder.com/teams/belgium,200,https://wearekitfinder.com/teams/belgium,0,,https://wearekitfinder.com/teams/belgium,True,Belgium Vintage Shirts — 289 available | Kit Finder,51,False,
https://wearekitfinder.com/teams/benfica,200,https://wearekitfinder.com/teams/benfica,0,,https://wearekitfinder.com/teams/benfica,True,Benfica Vintage Shirts — 249 available | Kit Finder,51,False,
https://wearekitfinder.com/teams/besiktas,200,https://wearekitfinder.com/teams/besiktas,0,,https://wearekitfinder.com/teams/besiktas,True,Besiktas Vintage Shirts — 99 available | Kit Finder,51,False,
https://wearekitfinder.com/teams/birmingham-city,200,https://wearekitfinder.com/teams/birmingham-city,0,,https://wearekitfinder.com/teams/birmingham-city,True,Birmingham City Vintage Shirts — 39 available | Kit Finder,58,False,
https://wearekitfinder.com/teams/blackburn-rovers,200,https://wearekitfinder.com/teams/blackburn-rovers,0,,https://wearekitfinder.com/teams/blackburn-rovers,True,Blackburn Rovers Vintage Shirts — 50 available | Kit Finder,59,False,
https://wearekitfinder.com/teams/bologna,200,https://wearekitfinder.com/teams/bologna,0,,https://wearekitfinder.com/teams/bologna,True,Bologna Vintage Shirts — 204 available | Kit Finder,51,False,
https://wearekitfinder.com/teams/bolton-wanderers,200,https://wearekitfinder.com/teams/bolton-wanderers,0,,https://wearekitfinder.com/teams/bolton-wanderers,True,Bolton Wanderers Vintage Shirts — 7 available | Kit Finder,58,False,
https://wearekitfinder.com/teams/borussia-monchengladbach,200,https://wearekitfinder.com/teams/borussia-monchengladbach,0,,https://wearekitfinder.com/teams/borussia-monchengladbach,True,Borussia Monchengladbach Vintage Shirts — 647 available | Kit Finder,68,False,
https://wearekitfinder.com/teams/bournemouth,200,https://wearekitfinder.com/teams/bournemouth,0,,https://wearekitfinder.com/teams/bournemouth,True,Bournemouth Vintage Shirts — 107 available | Kit Finder,55,False,
https://wearekitfinder.com/teams/bradford-city,200,https://wearekitfinder.com/teams/bradford-city,0,,https://wearekitfinder.com/teams/bradford-city,True,Bradford City Vintage Shirts — 34 available | Kit Finder,56,False,
https://wearekitfinder.com/teams/brescia,200,https://wearekitfinder.com/teams/brescia,0,,https://wearekitfinder.com/teams/brescia,True,Brescia Vintage Shirts — 348 available | Kit Finder,51,False,
https://wearekitfinder.com/teams/brighton-and-hove-albion,200,https://wearekitfinder.com/teams/brighton-and-hove-albion,0,,https://wearekitfinder.com/teams/brighton-and-hove-albion,True,Brighton and Hove Albion Vintage Shirts — 14 available | Kit Finder,67,False,
https://wearekitfinder.com/teams/burnley,200,https://wearekitfinder.com/teams/burnley,0,,https://wearekitfinder.com/teams/burnley,True,Burnley Vintage Shirts — 617 available | Kit Finder,51,False,
https://wearekitfinder.com/teams/cagliari,200,https://wearekitfinder.com/teams/cagliari,0,,https://wearekitfinder.com/teams/cagliari,True,Cagliari Vintage Shirts — 166 available | Kit Finder,52,False,
https://wearekitfinder.com/teams/cambridge-united,200,https://wearekitfinder.com/teams/cambridge-united,0,,https://wearekitfinder.com/teams/cambridge-united,True,Cambridge United Vintage Shirts — 21 available | Kit Finder,59,False,
https://wearekitfinder.com/teams/cardiff-city,200,https://wearekitfinder.com/teams/cardiff-city,0,,https://wearekitfinder.com/teams/cardiff-city,True,Cardiff City Vintage Shirts — 191 available | Kit Finder,56,False,
https://wearekitfinder.com/teams/cd-tenerife,200,https://wearekitfinder.com/teams/cd-tenerife,0,,https://wearekitfinder.com/teams/cd-tenerife,True,CD Tenerife Vintage Shirts — 1 available | Kit Finder,53,False,
https://wearekitfinder.com/teams/celtic,200,https://wearekitfinder.com/teams/celtic,0,,https://wearekitfinder.com/teams/celtic,True,"Celtic Vintage Shirts — 1,325 available | Kit Finder",52,False,
https://wearekitfinder.com/teams/cesena,200,https://wearekitfinder.com/teams/cesena,0,,https://wearekitfinder.com/teams/cesena,True,Cesena Vintage Shirts — 133 available | Kit Finder,50,False,
https://wearekitfinder.com/teams/charlton-athletic,200,https://wearekitfinder.com/teams/charlton-athletic,0,,https://wearekitfinder.com/teams/charlton-athletic,True,Charlton Athletic Vintage Shirts — 7 available | Kit Finder,59,False,
https://wearekitfinder.com/teams/chievo-verona,200,https://wearekitfinder.com/teams/chievo-verona,0,,https://wearekitfinder.com/teams/chievo-verona,True,Chievo Verona Vintage Shirts — 303 available | Kit Finder,57,False,
https://wearekitfinder.com/teams/chile,200,https://wearekitfinder.com/teams/chile,0,,https://wearekitfinder.com/teams/chile,True,Chile Vintage Shirts — 85 available | Kit Finder,48,False,
https://wearekitfinder.com/teams/club-america,200,https://wearekitfinder.com/teams/club-america,0,,https://wearekitfinder.com/teams/club-america,True,Club America Vintage Shirts — 90 available | Kit Finder,55,False,
https://wearekitfinder.com/teams/club-brugge,200,https://wearekitfinder.com/teams/club-brugge,0,,https://wearekitfinder.com/teams/club-brugge,True,Club Brugge Vintage Shirts — 105 available | Kit Finder,55,False,
https://wearekitfinder.com/teams/costa-rica,200,https://wearekitfinder.com/teams/costa-rica,0,,https://wearekitfinder.com/teams/costa-rica,True,Costa Rica Vintage Shirts — 23 available | Kit Finder,53,False,
https://wearekitfinder.com/teams/coventry-city,200,https://wearekitfinder.com/teams/coventry-city,0,,https://wearekitfinder.com/teams/coventry-city,True,Coventry City Vintage Shirts — 22 available | Kit Finder,56,False,
https://wearekitfinder.com/teams/croatia,200,https://wearekitfinder.com/teams/croatia,0,,https://wearekitfinder.com/teams/croatia,True,Croatia Vintage Shirts — 61 available | Kit Finder,50,False,
https://wearekitfinder.com/teams/cruz-azul,200,https://wearekitfinder.com/teams/cruz-azul,0,,https://wearekitfinder.com/teams/cruz-azul,True,Cruz Azul Vintage Shirts — 14 available | Kit Finder,52,False,
https://wearekitfinder.com/teams/crystal-palace,200,https://wearekitfinder.com/teams/crystal-palace,0,,https://wearekitfinder.com/teams/crystal-palace,True,Crystal Palace Vintage Shirts — 65 available | Kit Finder,57,False,
https://wearekitfinder.com/teams/czech-republic,200,https://wearekitfinder.com/teams/czech-republic,0,,https://wearekitfinder.com/teams/czech-republic,True,Czech Republic Vintage Shirts — 184 available | Kit Finder,58,False,
https://wearekitfinder.com/teams/dc-united,200,https://wearekitfinder.com/teams/dc-united,0,,https://wearekitfinder.com/teams/dc-united,True,DC United Vintage Shirts — 46 available | Kit Finder,52,False,
https://wearekitfinder.com/teams/denmark,200,https://wearekitfinder.com/teams/denmark,0,,https://wearekitfinder.com/teams/denmark,True,Denmark Vintage Shirts — 384 available | Kit Finder,51,False,
https://wearekitfinder.com/teams/derby-county,200,https://wearekitfinder.com/teams/derby-county,0,,https://wearekitfinder.com/teams/derby-county,True,Derby County Vintage Shirts — 206 available | Kit Finder,56,False,
https://wearekitfinder.com/teams/eintracht-frankfurt,200,https://wearekitfinder.com/teams/eintracht-frankfurt,0,,https://wearekitfinder.com/teams/eintracht-frankfurt,True,Eintracht Frankfurt Vintage Shirts — 173 available | Kit Finder,63,False,
https://wearekitfinder.com/teams/espanyol,200,https://wearekitfinder.com/teams/espanyol,0,,https://wearekitfinder.com/teams/espanyol,True,Espanyol Vintage Shirts — 116 available | Kit Finder,52,False,
https://wearekitfinder.com/teams/everton,200,https://wearekitfinder.com/teams/everton,0,,https://wearekitfinder.com/teams/everton,True,"Everton Vintage Shirts — 1,273 available | Kit Finder",53,False,
https://wearekitfinder.com/teams/fc-koln,200,https://wearekitfinder.com/teams/fc-koln,0,,https://wearekitfinder.com/teams/fc-koln,True,FC Koln Vintage Shirts — 124 available | Kit Finder,51,False,
https://wearekitfinder.com/teams/fc-nantes,200,https://wearekitfinder.com/teams/fc-nantes,0,,https://wearekitfinder.com/teams/fc-nantes,True,FC Nantes Vintage Shirts — 2 available | Kit Finder,51,False,
https://wearekitfinder.com/teams/fc-porto,200,https://wearekitfinder.com/teams/fc-porto,0,,https://wearekitfinder.com/teams/fc-porto,True,FC Porto Vintage Shirts — 116 available | Kit Finder,52,False,
https://wearekitfinder.com/teams/fc-twente,200,https://wearekitfinder.com/teams/fc-twente,0,,https://wearekitfinder.com/teams/fc-twente,True,FC Twente Vintage Shirts — 88 available | Kit Finder,52,False,
https://wearekitfinder.com/teams/fc-utrecht,200,https://wearekitfinder.com/teams/fc-utrecht,0,,https://wearekitfinder.com/teams/fc-utrecht,True,FC Utrecht Vintage Shirts — 9 available | Kit Finder,52,False,
https://wearekitfinder.com/teams/fenerbahce,200,https://wearekitfinder.com/teams/fenerbahce,0,,https://wearekitfinder.com/teams/fenerbahce,True,Fenerbahce Vintage Shirts — 144 available | Kit Finder,54,False,
https://wearekitfinder.com/teams/feyenoord,200,https://wearekitfinder.com/teams/feyenoord,0,,https://wearekitfinder.com/teams/feyenoord,True,Feyenoord Vintage Shirts — 208 available | Kit Finder,53,False,
https://wearekitfinder.com/teams/fiorentina,200,https://wearekitfinder.com/teams/fiorentina,0,,https://wearekitfinder.com/teams/fiorentina,True,Fiorentina Vintage Shirts — 397 available | Kit Finder,54,False,
https://wearekitfinder.com/teams/fluminense,200,https://wearekitfinder.com/teams/fluminense,0,,https://wearekitfinder.com/teams/fluminense,True,Fluminense Vintage Shirts — 23 available | Kit Finder,53,False,
https://wearekitfinder.com/teams/fulham,200,https://wearekitfinder.com/teams/fulham,0,,https://wearekitfinder.com/teams/fulham,True,Fulham Vintage Shirts — 215 available | Kit Finder,50,False,
https://wearekitfinder.com/teams/galatasaray,200,https://wearekitfinder.com/teams/galatasaray,0,,https://wearekitfinder.com/teams/galatasaray,True,Galatasaray Vintage Shirts — 233 available | Kit Finder,55,False,
https://wearekitfinder.com/teams/genoa,200,https://wearekitfinder.com/teams/genoa,0,,https://wearekitfinder.com/teams/genoa,True,Genoa Vintage Shirts — 161 available | Kit Finder,49,False,
https://wearekitfinder.com/teams/germany,200,https://wearekitfinder.com/teams/germany,0,,https://wearekitfinder.com/teams/germany,True,"Germany Vintage Shirts — 2,642 available | Kit Finder",53,False,
https://wearekitfinder.com/teams/girondins-de-bordeaux,200,https://wearekitfinder.com/teams/girondins-de-bordeaux,0,,https://wearekitfinder.com/teams/girondins-de-bordeaux,True,Girondins de Bordeaux Vintage Shirts — 95 available | Kit Finder,64,False,
https://wearekitfinder.com/teams/gremio,200,https://wearekitfinder.com/teams/gremio,0,,https://wearekitfinder.com/teams/gremio,True,Gremio Vintage Shirts — 50 available | Kit Finder,49,False,
https://wearekitfinder.com/teams/hannover-96,200,https://wearekitfinder.com/teams/hannover-96,0,,https://wearekitfinder.com/teams/hannover-96,True,Hannover 96 Vintage Shirts — 75 available | Kit Finder,54,False,
https://wearekitfinder.com/teams/heart-of-midlothian,200,https://wearekitfinder.com/teams/heart-of-midlothian,0,,https://wearekitfinder.com/teams/heart-of-midlothian,True,Heart of Midlothian Vintage Shirts — 6 available | Kit Finder,61,False,
https://wearekitfinder.com/teams/hellas-verona,200,https://wearekitfinder.com/teams/hellas-verona,0,,https://wearekitfinder.com/teams/hellas-verona,True,Hellas Verona Vintage Shirts — 348 available | Kit Finder,57,False,
https://wearekitfinder.com/teams/hertha-berlin,200,https://wearekitfinder.com/teams/hertha-berlin,0,,https://wearekitfinder.com/teams/hertha-berlin,True,Hertha Berlin Vintage Shirts — 94 available | Kit Finder,56,False,
https://wearekitfinder.com/teams/hull-city,200,https://wearekitfinder.com/teams/hull-city,0,,https://wearekitfinder.com/teams/hull-city,True,Hull City Vintage Shirts — 49 available | Kit Finder,52,False,
https://wearekitfinder.com/teams/inter-miami,200,https://wearekitfinder.com/teams/inter-miami,0,,https://wearekitfinder.com/teams/inter-miami,True,Inter Miami Vintage Shirts — 143 available | Kit Finder,55,False,
https://wearekitfinder.com/teams/internacional,200,https://wearekitfinder.com/teams/internacional,0,,https://wearekitfinder.com/teams/internacional,True,Internacional Vintage Shirts — 36 available | Kit Finder,56,False,
https://wearekitfinder.com/teams/ipswich-town,200,https://wearekitfinder.com/teams/ipswich-town,0,,https://wearekitfinder.com/teams/ipswich-town,True,Ipswich Town Vintage Shirts — 20 available | Kit Finder,55,False,
https://wearekitfinder.com/teams/italy,200,https://wearekitfinder.com/teams/italy,0,,https://wearekitfinder.com/teams/italy,True,"Italy Vintage Shirts — 2,942 available | Kit Finder",51,False,
https://wearekitfinder.com/teams/jamaica,200,https://wearekitfinder.com/teams/jamaica,0,,https://wearekitfinder.com/teams/jamaica,True,Jamaica Vintage Shirts — 117 available | Kit Finder,51,False,
https://wearekitfinder.com/teams/japan,200,https://wearekitfinder.com/teams/japan,0,,https://wearekitfinder.com/teams/japan,True,Japan Vintage Shirts — 415 available | Kit Finder,49,False,
https://wearekitfinder.com/teams/kaa-gent,200,https://wearekitfinder.com/teams/kaa-gent,0,,https://wearekitfinder.com/teams/kaa-gent,True,KAA Gent Vintage Shirts — 14 available | Kit Finder,51,False,
https://wearekitfinder.com/teams/kaizer-chiefs,200,https://wearekitfinder.com/teams/kaizer-chiefs,0,,https://wearekitfinder.com/teams/kaizer-chiefs,True,Kaizer Chiefs Vintage Shirts — 66 available | Kit Finder,56,False,
https://wearekitfinder.com/teams/krc-genk,200,https://wearekitfinder.com/teams/krc-genk,0,,https://wearekitfinder.com/teams/krc-genk,True,KRC Genk Vintage Shirts — 24 available | Kit Finder,51,False,
https://wearekitfinder.com/teams/la-galaxy,200,https://wearekitfinder.com/teams/la-galaxy,0,,https://wearekitfinder.com/teams/la-galaxy,True,LA Galaxy Vintage Shirts — 97 available | Kit Finder,52,False,
https://wearekitfinder.com/teams/lazio,200,https://wearekitfinder.com/teams/lazio,0,,https://wearekitfinder.com/teams/lazio,True,Lazio Vintage Shirts — 744 available | Kit Finder,49,False,
https://wearekitfinder.com/teams/leeds-united,200,https://wearekitfinder.com/teams/leeds-united,0,,https://wearekitfinder.com/teams/leeds-united,True,Leeds United Vintage Shirts — 742 available | Kit Finder,56,False,
https://wearekitfinder.com/teams/leicester-city,200,https://wearekitfinder.com/teams/leicester-city,0,,https://wearekitfinder.com/teams/leicester-city,True,Leicester City Vintage Shirts — 62 available | Kit Finder,57,False,
https://wearekitfinder.com/teams/lille,200,https://wearekitfinder.com/teams/lille,0,,https://wearekitfinder.com/teams/lille,True,Lille Vintage Shirts — 96 available | Kit Finder,48,False,
https://wearekitfinder.com/teams/livorno,200,https://wearekitfinder.com/teams/livorno,0,,https://wearekitfinder.com/teams/livorno,True,Livorno Vintage Shirts — 18 available | Kit Finder,50,False,
https://wearekitfinder.com/teams/luton-town,200,https://wearekitfinder.com/teams/luton-town,0,,https://wearekitfinder.com/teams/luton-town,True,Luton Town Vintage Shirts — 35 available | Kit Finder,53,False,
https://wearekitfinder.com/teams/malaga-cf,200,https://wearekitfinder.com/teams/malaga-cf,0,,https://wearekitfinder.com/teams/malaga-cf,True,Malaga CF Vintage Shirts — 69 available | Kit Finder,52,False,
https://wearekitfinder.com/teams/mexico,200,https://wearekitfinder.com/teams/mexico,0,,https://wearekitfinder.com/teams/mexico,True,Mexico Vintage Shirts — 151 available | Kit Finder,50,False,
https://wearekitfinder.com/teams/middlesbrough,200,https://wearekitfinder.com/teams/middlesbrough,0,,https://wearekitfinder.com/teams/middlesbrough,True,Middlesbrough Vintage Shirts — 111 available | Kit Finder,57,False,
https://wearekitfinder.com/teams/netherlands,200,https://wearekitfinder.com/teams/netherlands,0,,https://wearekitfinder.com/teams/netherlands,True,Netherlands Vintage Shirts — 784 available | Kit Finder,55,False,
https://wearekitfinder.com/teams/newcastle-united,200,https://wearekitfinder.com/teams/newcastle-united,0,,https://wearekitfinder.com/teams/newcastle-united,True,"Newcastle United Vintage Shirts — 1,175 available | Kit Finder",62,False,
https://wearekitfinder.com/teams/northampton-town,200,https://wearekitfinder.com/teams/northampton-town,0,,https://wearekitfinder.com/teams/northampton-town,True,Northampton Town Vintage Shirts — 11 available | Kit Finder,59,False,
https://wearekitfinder.com/teams/northern-ireland,200,https://wearekitfinder.com/teams/northern-ireland,0,,https://wearekitfinder.com/teams/northern-ireland,True,Northern Ireland Vintage Shirts — 831 available | Kit Finder,60,False,
https://wearekitfinder.com/teams/norwich-city,200,https://wearekitfinder.com/teams/norwich-city,0,,https://wearekitfinder.com/teams/norwich-city,True,Norwich City Vintage Shirts — 32 available | Kit Finder,55,False,
https://wearekitfinder.com/teams/nottingham-forest,200,https://wearekitfinder.com/teams/nottingham-forest,0,,https://wearekitfinder.com/teams/nottingham-forest,True,Nottingham Forest Vintage Shirts — 307 available | Kit Finder,61,False,
https://wearekitfinder.com/teams/ogc-nice,200,https://wearekitfinder.com/teams/ogc-nice,0,,https://wearekitfinder.com/teams/ogc-nice,True,OGC Nice Vintage Shirts — 9 available | Kit Finder,50,False,
https://wearekitfinder.com/teams/olympique-lyonnais,200,https://wearekitfinder.com/teams/olympique-lyonnais,0,,https://wearekitfinder.com/teams/olympique-lyonnais,True,Olympique Lyonnais Vintage Shirts — 385 available | Kit Finder,62,False,
https://wearekitfinder.com/teams/olympique-marseille,200,https://wearekitfinder.com/teams/olympique-marseille,0,,https://wearekitfinder.com/teams/olympique-marseille,True,Olympique Marseille Vintage Shirts — 944 available | Kit Finder,63,False,
https://wearekitfinder.com/teams/orlando-city,200,https://wearekitfinder.com/teams/orlando-city,0,,https://wearekitfinder.com/teams/orlando-city,True,Orlando City Vintage Shirts — 36 available | Kit Finder,55,False,
https://wearekitfinder.com/teams/palermo,200,https://wearekitfinder.com/teams/palermo,0,,https://wearekitfinder.com/teams/palermo,True,Palermo Vintage Shirts — 59 available | Kit Finder,50,False,
https://wearekitfinder.com/teams/palmeiras,200,https://wearekitfinder.com/teams/palmeiras,0,,https://wearekitfinder.com/teams/palmeiras,True,Palmeiras Vintage Shirts — 34 available | Kit Finder,52,False,
https://wearekitfinder.com/teams/parma,200,https://wearekitfinder.com/teams/parma,0,,https://wearekitfinder.com/teams/parma,True,Parma Vintage Shirts — 549 available | Kit Finder,49,False,
https://wearekitfinder.com/teams/perugia,200,https://wearekitfinder.com/teams/perugia,0,,https://wearekitfinder.com/teams/perugia,True,Perugia Vintage Shirts — 253 available | Kit Finder,51,False,
https://wearekitfinder.com/teams/plymouth-argyle,200,https://wearekitfinder.com/teams/plymouth-argyle,0,,https://wearekitfinder.com/teams/plymouth-argyle,True,Plymouth Argyle Vintage Shirts — 16 available | Kit Finder,58,False,
https://wearekitfinder.com/teams/poland,200,https://wearekitfinder.com/teams/poland,0,,https://wearekitfinder.com/teams/poland,True,Poland Vintage Shirts — 39 available | Kit Finder,49,False,
https://wearekitfinder.com/teams/portsmouth,200,https://wearekitfinder.com/teams/portsmouth,0,,https://wearekitfinder.com/teams/portsmouth,True,Portsmouth Vintage Shirts — 165 available | Kit Finder,54,False,
https://wearekitfinder.com/teams/portugal,200,https://wearekitfinder.com/teams/portugal,0,,https://wearekitfinder.com/teams/portugal,True,Portugal Vintage Shirts — 349 available | Kit Finder,52,False,
https://wearekitfinder.com/teams/preston-north-end,200,https://wearekitfinder.com/teams/preston-north-end,0,,https://wearekitfinder.com/teams/preston-north-end,True,Preston North End Vintage Shirts — 69 available | Kit Finder,60,False,
https://wearekitfinder.com/teams/psv-eindhoven,200,https://wearekitfinder.com/teams/psv-eindhoven,0,,https://wearekitfinder.com/teams/psv-eindhoven,True,PSV Eindhoven Vintage Shirts — 285 available | Kit Finder,57,False,
https://wearekitfinder.com/teams/queens-park-rangers,200,https://wearekitfinder.com/teams/queens-park-rangers,0,,https://wearekitfinder.com/teams/queens-park-rangers,True,Queens Park Rangers Vintage Shirts — 16 available | Kit Finder,62,False,
https://wearekitfinder.com/teams/racing-strasbourg,200,https://wearekitfinder.com/teams/racing-strasbourg,0,,https://wearekitfinder.com/teams/racing-strasbourg,True,Racing Strasbourg Vintage Shirts — 35 available | Kit Finder,60,False,
https://wearekitfinder.com/teams/rangers,200,https://wearekitfinder.com/teams/rangers,0,,https://wearekitfinder.com/teams/rangers,True,"Rangers Vintage Shirts — 1,748 available | Kit Finder",53,False,
https://wearekitfinder.com/teams/rayados,200,https://wearekitfinder.com/teams/rayados,0,,https://wearekitfinder.com/teams/rayados,True,Rayados Vintage Shirts — 2 available | Kit Finder,49,False,
https://wearekitfinder.com/teams/rb-leipzig,200,https://wearekitfinder.com/teams/rb-leipzig,0,,https://wearekitfinder.com/teams/rb-leipzig,True,RB Leipzig Vintage Shirts — 122 available | Kit Finder,54,False,
https://wearekitfinder.com/teams/rc-lens,200,https://wearekitfinder.com/teams/rc-lens,0,,https://wearekitfinder.com/teams/rc-lens,True,RC Lens Vintage Shirts — 8 available | Kit Finder,49,False,
https://wearekitfinder.com/teams/reading,200,https://wearekitfinder.com/teams/reading,0,,https://wearekitfinder.com/teams/reading,True,Reading Vintage Shirts — 158 available | Kit Finder,51,False,
https://wearekitfinder.com/teams/real-betis,200,https://wearekitfinder.com/teams/real-betis,0,,https://wearekitfinder.com/teams/real-betis,True,Real Betis Vintage Shirts — 199 available | Kit Finder,54,False,
https://wearekitfinder.com/teams/real-sociedad,200,https://wearekitfinder.com/teams/real-sociedad,0,,https://wearekitfinder.com/teams/real-sociedad,True,Real Sociedad Vintage Shirts — 35 available | Kit Finder,56,False,
https://wearekitfinder.com/teams/republic-of-ireland,200,https://wearekitfinder.com/teams/republic-of-ireland,0,,https://wearekitfinder.com/teams/republic-of-ireland,True,Republic of Ireland Vintage Shirts — 202 available | Kit Finder,63,False,
https://wearekitfinder.com/teams/russia,200,https://wearekitfinder.com/teams/russia,0,,https://wearekitfinder.com/teams/russia,True,Russia Vintage Shirts — 30 available | Kit Finder,49,False,
https://wearekitfinder.com/teams/saint-etienne,200,https://wearekitfinder.com/teams/saint-etienne,0,,https://wearekitfinder.com/teams/saint-etienne,True,Saint-Etienne Vintage Shirts — 74 available | Kit Finder,56,False,
https://wearekitfinder.com/teams/salernitana,200,https://wearekitfinder.com/teams/salernitana,0,,https://wearekitfinder.com/teams/salernitana,True,Salernitana Vintage Shirts — 139 available | Kit Finder,55,False,
https://wearekitfinder.com/teams/sampdoria,200,https://wearekitfinder.com/teams/sampdoria,0,,https://wearekitfinder.com/teams/sampdoria,True,Sampdoria Vintage Shirts — 333 available | Kit Finder,53,False,
https://wearekitfinder.com/teams/santos-laguna,200,https://wearekitfinder.com/teams/santos-laguna,0,,https://wearekitfinder.com/teams/santos-laguna,True,Santos Laguna Vintage Shirts — 42 available | Kit Finder,56,False,
https://wearekitfinder.com/teams/sao-paulo,200,https://wearekitfinder.com/teams/sao-paulo,0,,https://wearekitfinder.com/teams/sao-paulo,True,Sao Paulo Vintage Shirts — 114 available | Kit Finder,53,False,
https://wearekitfinder.com/teams/sassuolo,200,https://wearekitfinder.com/teams/sassuolo,0,,https://wearekitfinder.com/teams/sassuolo,True,Sassuolo Vintage Shirts — 245 available | Kit Finder,52,False,
https://wearekitfinder.com/teams/schalke-04,200,https://wearekitfinder.com/teams/schalke-04,0,,https://wearekitfinder.com/teams/schalke-04,True,Schalke 04 Vintage Shirts — 619 available | Kit Finder,54,False,
https://wearekitfinder.com/teams/scotland,200,https://wearekitfinder.com/teams/scotland,0,,https://wearekitfinder.com/teams/scotland,True,Scotland Vintage Shirts — 457 available | Kit Finder,52,False,
https://wearekitfinder.com/teams/seattle-sounders,200,https://wearekitfinder.com/teams/seattle-sounders,0,,https://wearekitfinder.com/teams/seattle-sounders,True,Seattle Sounders Vintage Shirts — 41 available | Kit Finder,59,False,
https://wearekitfinder.com/teams/sheffield-united,200,https://wearekitfinder.com/teams/sheffield-united,0,,https://wearekitfinder.com/teams/sheffield-united,True,Sheffield United Vintage Shirts — 287 available | Kit Finder,60,False,
https://wearekitfinder.com/teams/sheffield-wednesday,200,https://wearekitfinder.com/teams/sheffield-wednesday,0,,https://wearekitfinder.com/teams/sheffield-wednesday,True,Sheffield Wednesday Vintage Shirts — 107 available | Kit Finder,63,False,
https://wearekitfinder.com/teams/south-africa,200,https://wearekitfinder.com/teams/south-africa,0,,https://wearekitfinder.com/teams/south-africa,True,South Africa Vintage Shirts — 89 available | Kit Finder,55,False,
https://wearekitfinder.com/teams/south-korea,200,https://wearekitfinder.com/teams/south-korea,0,,https://wearekitfinder.com/teams/south-korea,True,South Korea Vintage Shirts — 186 available | Kit Finder,55,False,
https://wearekitfinder.com/teams/southampton,200,https://wearekitfinder.com/teams/southampton,0,,https://wearekitfinder.com/teams/southampton,True,Southampton Vintage Shirts — 387 available | Kit Finder,55,False,
https://wearekitfinder.com/teams/spain,200,https://wearekitfinder.com/teams/spain,0,,https://wearekitfinder.com/teams/spain,True,Spain Vintage Shirts — 986 available | Kit Finder,49,False,
https://wearekitfinder.com/teams/spal,200,https://wearekitfinder.com/teams/spal,0,,https://wearekitfinder.com/teams/spal,True,SPAL Vintage Shirts — 154 available | Kit Finder,48,False,
https://wearekitfinder.com/teams/st-pauli,200,https://wearekitfinder.com/teams/st-pauli,0,,https://wearekitfinder.com/teams/st-pauli,True,St. Pauli Vintage Shirts — 94 available | Kit Finder,52,False,
https://wearekitfinder.com/teams/stade-rennais,200,https://wearekitfinder.com/teams/stade-rennais,0,,https://wearekitfinder.com/teams/stade-rennais,True,Stade Rennais Vintage Shirts — 31 available | Kit Finder,56,False,
https://wearekitfinder.com/teams/standard-liege,200,https://wearekitfinder.com/teams/standard-liege,0,,https://wearekitfinder.com/teams/standard-liege,True,Standard Liege Vintage Shirts — 70 available | Kit Finder,57,False,
https://wearekitfinder.com/teams/stoke-city,200,https://wearekitfinder.com/teams/stoke-city,0,,https://wearekitfinder.com/teams/stoke-city,True,Stoke City Vintage Shirts — 288 available | Kit Finder,54,False,
https://wearekitfinder.com/teams/sunderland,200,https://wearekitfinder.com/teams/sunderland,0,,https://wearekitfinder.com/teams/sunderland,True,Sunderland Vintage Shirts — 391 available | Kit Finder,54,False,
https://wearekitfinder.com/teams/swansea-city,200,https://wearekitfinder.com/teams/swansea-city,0,,https://wearekitfinder.com/teams/swansea-city,True,Swansea City Vintage Shirts — 181 available | Kit Finder,56,False,
https://wearekitfinder.com/teams/sweden,200,https://wearekitfinder.com/teams/sweden,0,,https://wearekitfinder.com/teams/sweden,True,Sweden Vintage Shirts — 283 available | Kit Finder,50,False,
https://wearekitfinder.com/teams/switzerland,200,https://wearekitfinder.com/teams/switzerland,0,,https://wearekitfinder.com/teams/switzerland,True,Switzerland Vintage Shirts — 202 available | Kit Finder,55,False,
https://wearekitfinder.com/teams/tigres,200,https://wearekitfinder.com/teams/tigres,0,,https://wearekitfinder.com/teams/tigres,True,Tigres Vintage Shirts — 12 available | Kit Finder,49,False,
https://wearekitfinder.com/teams/torino,200,https://wearekitfinder.com/teams/torino,0,,https://wearekitfinder.com/teams/torino,True,Torino Vintage Shirts — 482 available | Kit Finder,50,False,
https://wearekitfinder.com/teams/turkey,200,https://wearekitfinder.com/teams/turkey,0,,https://wearekitfinder.com/teams/turkey,True,Turkey Vintage Shirts — 65 available | Kit Finder,49,False,
https://wearekitfinder.com/teams/udinese,200,https://wearekitfinder.com/teams/udinese,0,,https://wearekitfinder.com/teams/udinese,True,Udinese Vintage Shirts — 180 available | Kit Finder,51,False,
https://wearekitfinder.com/teams/uruguay,200,https://wearekitfinder.com/teams/uruguay,0,,https://wearekitfinder.com/teams/uruguay,True,Uruguay Vintage Shirts — 19 available | Kit Finder,50,False,
https://wearekitfinder.com/teams/usa,200,https://wearekitfinder.com/teams/usa,0,,https://wearekitfinder.com/teams/usa,True,USA Vintage Shirts — 319 available | Kit Finder,47,False,
https://wearekitfinder.com/teams/valencia,200,https://wearekitfinder.com/teams/valencia,0,,https://wearekitfinder.com/teams/valencia,True,Valencia Vintage Shirts — 372 available | Kit Finder,52,False,
https://wearekitfinder.com/teams/venezia,200,https://wearekitfinder.com/teams/venezia,0,,https://wearekitfinder.com/teams/venezia,True,Venezia Vintage Shirts — 110 available | Kit Finder,51,False,
https://wearekitfinder.com/teams/vfb-stuttgart,200,https://wearekitfinder.com/teams/vfb-stuttgart,0,,https://wearekitfinder.com/teams/vfb-stuttgart,True,VfB Stuttgart Vintage Shirts — 367 available | Kit Finder,57,False,
https://wearekitfinder.com/teams/wales,200,https://wearekitfinder.com/teams/wales,0,,https://wearekitfinder.com/teams/wales,True,Wales Vintage Shirts — 738 available | Kit Finder,49,False,
https://wearekitfinder.com/teams/watford,200,https://wearekitfinder.com/teams/watford,0,,https://wearekitfinder.com/teams/watford,True,Watford Vintage Shirts — 144 available | Kit Finder,51,False,
https://wearekitfinder.com/teams/werder-bremen,200,https://wearekitfinder.com/teams/werder-bremen,0,,https://wearekitfinder.com/teams/werder-bremen,True,Werder Bremen Vintage Shirts — 313 available | Kit Finder,57,False,
https://wearekitfinder.com/teams/west-bromwich-albion,200,https://wearekitfinder.com/teams/west-bromwich-albion,0,,https://wearekitfinder.com/teams/west-bromwich-albion,True,West Bromwich Albion Vintage Shirts — 10 available | Kit Finder,63,False,
https://wearekitfinder.com/teams/west-ham-united,200,https://wearekitfinder.com/teams/west-ham-united,0,,https://wearekitfinder.com/teams/west-ham-united,True,West Ham United Vintage Shirts — 608 available | Kit Finder,59,False,
https://wearekitfinder.com/teams/wolfsburg,200,https://wearekitfinder.com/teams/wolfsburg,0,,https://wearekitfinder.com/teams/wolfsburg,True,Wolfsburg Vintage Shirts — 179 available | Kit Finder,53,False,
https://wearekitfinder.com/teams/wolverhampton-wanderers,200,https://wearekitfinder.com/teams/wolverhampton-wanderers,0,,https://wearekitfinder.com/teams/wolverhampton-wanderers,True,Wolverhampton Wanderers Vintage Shirts — 512 available | Kit Finder,67,False,
https://wearekitfinder.com/teams/wrexham,200,https://wearekitfinder.com/teams/wrexham,0,,https://wearekitfinder.com/teams/wrexham,True,Wrexham Vintage Shirts — 58 available | Kit Finder,50,False,
https://wearekitfinder.com/why,200,https://wearekitfinder.com/why,0,,https://wearekitfinder.com/why,True,Why Kit Finder? — The World's First Football Shirt Search Engine,64,False,
